{
    "goals": {
        "learning_rate": 0.11638648462189385,
        "num_leaves": 28,
        "max_depth": 6,
        "min_child_samples": 19,
        "subsample": 0.87394097920343,
        "colsample_bytree": 0.9032317873500548,
        "n_estimators": 156
    },
    "stage": {
        "learning_rate": 0.047655410456445474,
        "num_leaves": 19,
        "max_depth": 3,
        "min_child_samples": 8,
        "subsample": 0.8526618396635618,
        "colsample_bytree": 0.8243481430206744,
        "n_estimators": 115
    }
}
