{
    "goals": {
        "learning_rate": 0.021546279524865354,
        "num_leaves": 14,
        "max_depth": 5,
        "min_child_samples": 16,
        "subsample": 0.8753586386328949,
        "colsample_bytree": 0.716723059313713,
        "n_estimators": 189
    },
    "stage": {
        "learning_rate": 0.014405288096319427,
        "num_leaves": 13,
        "max_depth": 3,
        "min_child_samples": 19,
        "subsample": 0.7411794948755702,
        "colsample_bytree": 0.917973561831079,
        "n_estimators": 160
    }
}
